Name,NetWorth,Country,Source,Rank,Age,Residence,Citizenship,Status,Children,Education,Self_made
"Francoise Bettencourt Meyers & family",73.6,France,"beauty products",12,67,"Paris, France",France,Married,2,NULL,0
"Julia Koch & family",46.4,"United States","oil & gas",27,59,"New York, New York","United States",Widowed,3,NULL,0
"Beate Heister & Karl Albrecht Jr.",39.2,Germany,supermarkets,34,NULL,Germany,Germany,NULL,NULL,NULL,0
"Dieter Schwarz",36.9,Germany,retail,38,81,"Neckarsulm, Germany",Germany,Married,2,NULL,0
"Giovanni Ferrero",35.1,Italy,food,40,56,"Brussels, Belgium",Italy,Married,2,NULL,0
"Alain Wertheimer",34.5,France,"luxury goods",41,72,"New York, New York",France,Married,3,NULL,0
"Gerard Wertheimer",34.5,France,"luxury goods",41,70,"New York, New York",France,Married,2,NULL,0
"Klaus-Michael Kuehne",26.3,Germany,shipping,58,83,"Schindellegi, Switzerland",Germany,Married,NULL,NULL,0
"German Larrea Mota Velasco & family",25.9,Mexico,mining,61,67,"Mexico City, Mexico",Mexico,Married,NULL,NULL,0
"Gina Rinehart",23.6,Australia,mining,70,67,"Perth, Australia",Australia,Widowed,4,NULL,0
"Iris Fontbona & family",23.3,Chile,mining,74,78,"Santiago, Chile",Chile,Widowed,3,NULL,0
"R. Budi Hartono",20.5,Indonesia,"banking, tobacco",86,80,"Kudus, Indonesia",Indonesia,Married,3,NULL,0
"Michael Hartono",19.7,Indonesia,"banking, tobacco",89,81,"Kudus, Indonesia",Indonesia,Married,4,NULL,0
"Emmanuel Besnier",19.1,France,cheese,94,50,"Laval, France",France,NULL,NULL,NULL,0
"Theo Albrecht, Jr. & family",18.8,Germany,"retail store",98,70,"Mulheim an der Ruhr, Germany",Germany,NULL,1,NULL,0
"Dhanin Chearavanont",18.1,Thailand,diversified,103,82,"Bangkok, Thailand",Thailand,Married,5,NULL,0
"Lee Man Tat",17.4,"Hong Kong",food,111,91,"Hong Kong, Hong Kong","Hong Kong",Married,5,NULL,0
"Hinduja brothers",14.9,"United Kingdom",diversified,133,NULL,"London, United Kingdom","United Kingdom",NULL,NULL,NULL,0
"Georg Schaeffler",14.9,Germany,"auto parts",133,56,"Herzogenaurach, Germany",Germany,Divorced,4,NULL,0
"Kwong Siu-hing",14.7,"Hong Kong","real estate",138,91,"Hong Kong, Hong Kong","Hong Kong",Widowed,4,NULL,0
"Pallonji Mistry",14.6,Ireland,construction,140,91,"Mumbai, India",Ireland,Married,4,NULL,0
"Finn Rausing",13.9,Sweden,packaging,151,66,"London, United Kingdom",Sweden,NULL,NULL,NULL,0
"Jorn Rausing",13.9,Sweden,packaging,151,61,"Surrey, United Kingdom",Sweden,NULL,NULL,NULL,0
"Kirsten Rausing",13.9,Sweden,packaging,151,68,"Newmarket, United Kingdom",Sweden,NULL,NULL,NULL,0
"Robert & Philip Ng",13.3,Singapore,"real estate",158,NULL,"Singapore, Singapore",Singapore,NULL,NULL,NULL,0
"Anders Holch Povlsen",13.2,Denmark,"fashion retail",161,48,"Aarhus, Denmark",Denmark,Married,4,NULL,0
"Hank & Doug Meijer",12.6,"United States",supermarkets,171,NULL,"Grand Rapids, Michigan","United States",NULL,NULL,NULL,0
"Eyal Ofer",11.1,Israel,"real estate, shipping",197,70,"Monte Carlo, Monaco",Israel,Married,4,NULL,0
"Eric Wittouck",10,Belgium,investments,228,74,Monaco,Belgium,NULL,NULL,NULL,0
"Savitri Jindal & family",9.7,India,steel,234,71,"Hisar, India",India,Widowed,9,NULL,0
"Friedhelm Loh",9.7,Germany,manufacturing,234,74,"Haiger, Germany",Germany,Married,3,NULL,0
"Alberto Bailleres Gonzalez & family",9.2,Mexico,mining,255,89,"Mexico City, Mexico",Mexico,Married,4,NULL,0
"Massimiliana Landini Aleotti & family",9.1,Italy,pharmaceutical,256,78,"Fiesole (FI), Italy",Italy,Widowed,2,NULL,0
"Chan Tan Ching-fen",8.8,"Hong Kong","real estate",269,NULL,"Hong Kong, Hong Kong","Hong Kong",Widowed,2,NULL,0
"August von Finck",8.8,Germany,investments,269,91,"Thurgau, Switzerland",Germany,Married,4,NULL,0
"Sofie Kirk Kristiansen",8.7,Denmark,toys,274,45,"Billund, Denmark",Denmark,NULL,NULL,NULL,0
"Thomas Kirk Kristiansen",8.7,Denmark,toys,274,42,"Billund, Denmark",Denmark,NULL,NULL,NULL,0
"Agnete Kirk Thinggaard",8.7,Denmark,toys,274,37,"Billund, Denmark",Denmark,NULL,NULL,NULL,0
"Zheng Shuliang & family",8.6,China,"aluminum products",288,75,"Binzhou, China",China,Widowed,3,NULL,0
"Niels Peter Louis-Hansen",8.2,Denmark,"medical devices",304,73,"Humlebaek, Denmark",Denmark,Married,1,NULL,0
"Alain Merieux & family",8.2,France,pharmaceutical,304,83,"Lyon, France",France,Married,3,NULL,0
"Takahisa Takahara",7.9,Japan,"personal care goods",311,59,"Tokyo, Japan",Japan,NULL,NULL,NULL,0
"Frederik Paulsen",7.7,Sweden,"health care",323,70,"Lausanne, Switzerland",Sweden,Divorced,3,NULL,0
"Vicky Safra",7.4,Greece,banking,339,68,"Crans-Montana, Switzerland",Greece,Widowed,4,NULL,0
"Thierry Dassault",7.3,France,diversified,344,64,"Paris, France",France,NULL,NULL,NULL,0
"Sandra Ortega Mera",7.3,Spain,"fashion retail",344,52,"La Coruna, Spain",Spain,Married,3,NULL,0
"Michael Kadoorie",7.2,"Hong Kong","hotels, energy",352,79,"Hong Kong, Hong Kong","Hong Kong",Married,3,NULL,0
"Christy Walton",7.2,"United States","retail store",352,72,"Jackson, Wyoming","United States",Widowed,1,NULL,0
"Rahel Blocher",7.1,Switzerland,chemicals,358,45,"Wilen bei Wollerau, Switzerland",Switzerland,NULL,NULL,NULL,0
"Magdalena Martullo-Blocher",7.1,Switzerland,chemicals,358,52,"Feldmeilen, Switzerland",Switzerland,Married,3,NULL,0
"Johann Rupert & family",7.1,"South Africa","luxury goods",358,70,"Cape Town, South Africa","South Africa",Married,3,NULL,0
"Safra siblings",7.1,Brazil,banking,358,NULL,"Sao Paulo, Brazil",Brazil,NULL,NULL,NULL,0
"Bajaj brothers",7,India,diversified,369,NULL,"Mumbai, India",India,NULL,NULL,NULL,0
"Juan Francisco Beckmann Vidal & family",7,Mexico,tequila,369,81,"Mexico City, Mexico",Mexico,Married,NULL,NULL,0
"Ludwig Merckle",7,Germany,pharmaceutical,369,56,"Ulm, Germany",Germany,Married,2,NULL,0
"Wee Cho Yaw",6.8,Singapore,banking,384,92,"Singapore, Singapore",Singapore,Married,5,NULL,0
"Jean-Michel Besnier",6.7,France,cheese,391,53,"Laval, France",France,NULL,NULL,NULL,0
"Marie Besnier Beauvalot",6.7,France,cheese,391,40,"Laval, France",France,Married,NULL,NULL,0
"Antti Herlin",6.5,Finland,"elevators, escalators",404,64,"Kirkkonummi, Finland",Finland,Married,4,NULL,0
"Prajogo Pangestu",6.5,Indonesia,petrochemicals,404,76,"Jakarta, Indonesia",Indonesia,Married,3,NULL,0
"Pauline MacMillan Keinath",6.4,"United States",food,418,87,"St. Louis, Missouri","United States",Married,4,NULL,0
"Axel Oberwelland",6.3,Germany,candy,421,54,"Berlin, Germany",Germany,Married,NULL,NULL,0
"Tsai Eng-meng",6.3,Taiwan,"food, beverages",421,64,"Shanghai, China",Taiwan,Married,2,NULL,0
"Katharine Rayner",6.2,"United States","media, automotive",432,76,"East Hampton, New York","United States",Widowed,NULL,NULL,0
"Margaretta Taylor",6.2,"United States","media, automotive",432,79,"Southampton, New York","United States",NULL,NULL,NULL,0
"Law Kar Po",6.1,"Hong Kong","real estate",440,72,"Hong Kong, Hong Kong","Hong Kong",Married,3,NULL,0
"Idan Ofer",6.1,Israel,"drilling, shipping",440,65,"London, United Kingdom",Israel,Married,5,NULL,0
"Odd Reitan & family",6.1,Norway,"retail, real estate",440,69,"Trondheim, Norway",Norway,Married,2,NULL,0
"Dannine Avara",6,"United States",pipelines,451,57,"Houston, Texas","United States",Married,NULL,NULL,0
"Juergen Blickle",6,Germany,"auto parts",451,74,"Bruchsal, Germany",Germany,Married,NULL,NULL,0
"Augusto & Giorgio Perfetti",5.8,Italy,candy,476,NULL,"Lugano, Switzerland",Italy,NULL,NULL,NULL,0
"Michel Leclercq & family",5.7,France,"sporting goods",486,81,"Lille, France",France,Married,4,NULL,0
"Nicolas Puech",5.7,France,Hermes,486,78,"Martigny, Switzerland",France,NULL,NULL,NULL,0
"Kwee brothers",5.6,Singapore,"Real Estate",496,NULL,"Singapore, Singapore",Singapore,NULL,NULL,NULL,0
"Sumet Jiaravanon",5.5,Thailand,diversified,502,86,"Bangkok, Thailand",Thailand,NULL,NULL,NULL,0
"Alexandra Schoerghuber",5.5,Germany,"real estate",502,62,"Munich, Germany",Germany,Widowed,3,NULL,0
"Christoph Zeller",5.5,Liechtenstein,"dental implants",502,64,"Vaduz, Liechtenstein",Liechtenstein,Married,NULL,NULL,0
"Rainer Blickle",5.4,Germany,"auto parts",520,73,"Bruchsal, Germany",Germany,Married,NULL,NULL,0
"Jaran Chiaravanont",5.4,Thailand,diversified,520,91,"Bangkok, Thailand",Thailand,NULL,NULL,NULL,0
"Montri Jiaravanont",5.4,Thailand,diversified,520,90,"Bangkok, Thailand",Thailand,NULL,NULL,NULL,0
"Carrie Perrodo & family",5.4,France,oil,520,70,"London, United Kingdom",France,Widowed,3,NULL,0
"Luiza Helena Trajano",5.3,Brazil,"retail chain",529,69,"Sao Paulo, Brazil",Brazil,Married,3,NULL,0
"Michael Herz",5.1,Germany,coffee,550,77,"Hamburg, Germany",Germany,Married,NULL,NULL,0
"Wolfgang Herz",5.1,Germany,coffee,550,70,"Hamburg, Germany",Germany,NULL,NULL,NULL,0
"Lee Yeow Chor & Yeow Seng",5.1,Malaysia,"palm oil, property",550,NULL,Malaysia,Malaysia,NULL,NULL,NULL,0
"Theo Mueller",5.1,Germany,dairy,550,81,"Zurich, Switzerland",Germany,"In Relationship",9,NULL,0
"Vikram Lal & family",5,India,motorcycles,561,79,"Delhi, India",India,Married,3,NULL,0
"Enrique Razon, Jr.",5,Philippines,ports,561,61,"Manila, Philippines",Philippines,Married,2,NULL,0
"Abdulsamad Rabiu",4.9,Nigeria,"cement, sugar",574,60,"Lagos, Nigeria",Nigeria,Married,NULL,NULL,0
"Pierre Bellon & family",4.8,France,"food services",589,91,"Paris, France",France,Married,4,NULL,0
"John, Alan & Bruce Wilson",4.8,Australia,retailing,589,NULL,"Melbourne, Australia",Australia,NULL,NULL,NULL,0
"Maria Fernanda Amorim & family",4.7,Portugal,"energy, investments",608,86,"Grijo, Portugal",Portugal,Widowed,3,NULL,0
"Dona Bertarelli",4.7,Switzerland,biotech,608,53,"Gstaad, Switzerland",Switzerland,NULL,NULL,NULL,0
"Martin & Olivier Bouygues",4.6,France,"construction, media",622,NULL,"Paris, France",France,NULL,NULL,NULL,0
"Luis Frias",4.6,Brazil,"mobile payments",622,58,"Sao Paulo, Brazil",Brazil,NULL,NULL,NULL,0
"Gustav Magnar Witzoe",4.4,Norway,"fish farming",655,28,"Kverva, Norway",Norway,Single,NULL,NULL,0
"Pawan Munjal & family",4.3,India,motorcycles,665,67,"Delhi, India",India,Married,3,NULL,0
"Traudl Engelhorn & family",4.2,Germany,"pharmaceutical, medical equipment",680,94,"Lucerne, Switzerland",Germany,Widowed,4,NULL,0
"James Irving",4.2,Canada,diversified,680,93,"Saint John, Canada",Canada,Married,4,NULL,0
"Juan Roig",4.2,Spain,supermarkets,680,71,"Valencia, Spain",Spain,Married,4,NULL,0
"Thomas Straumann",4.2,Switzerland,"dental implants",680,57,"Basel, Switzerland",Switzerland,NULL,NULL,NULL,0
"Piero Ferrari",4.1,Italy,automobiles,705,75,"Modena, Italy",Italy,Divorced,1,NULL,0
"Martin Haefner",4.1,Switzerland,"software, investments",705,67,"Zurich, Switzerland",Switzerland,Married,NULL,NULL,0
"William Lauder",4.1,"United States","beauty products",705,61,"New York, New York","United States",Divorced,NULL,NULL,0
"Katharina Otto-Bernstein",4.1,Germany,"real estate",705,57,"New York, New York",Germany,Married,2,NULL,0
"Vinod & Anil Rai Gupta",4,India,"electrical equipment",727,NULL,"Delhi, India",India,NULL,NULL,NULL,0
"Gwendolyn Sontheim Meyer",4,"United States",food,727,59,"Rancho Santa Fe, California","United States",Divorced,2,NULL,0
"Akira Mori & family",4,Japan,"real estate",727,84,"Tokyo, Japan",Japan,Married,3,NULL,0
"Udo & Harald Tschira",4,Germany,software,727,NULL,Germany,Germany,NULL,NULL,NULL,0
"Beatriz Davila de Santo Domingo",3.9,Colombia,beer,752,82,Bermuda,Colombia,Widowed,2,NULL,0
"Dan Olsson",3.9,Sweden,diversified,752,74,"Gothenburg, Sweden",Sweden,Married,NULL,NULL,0
"Mark Shoen",3.9,"United States","storage facilities",752,70,"Phoenix, Arizona","United States",Married,1,NULL,0
"Maximilian Viessmann",3.9,Germany,"heating and cooling equipment",752,NULL,NULL,Germany,NULL,NULL,NULL,0
"Kuok Khoon Hong",3.8,Singapore,"palm oil",775,71,"Singapore, Singapore",Singapore,Married,4,NULL,0
"Hans Georg Naeder",3.8,Germany,prosthetics,775,59,"Duderstadt, Germany",Germany,Divorced,2,NULL,0
"Maren Otto",3.8,Germany,"retail, real estate",775,NULL,"Berlin, Germany",Germany,Widowed,NULL,NULL,0
"Wolfgang Reimann",3.8,Germany,"consumer goods",775,68,"Passau, Germany",Germany,NULL,NULL,NULL,0
"Matthias Reimann-Andersen",3.8,Germany,"consumer goods",775,56,"Munich, Germany",Germany,NULL,NULL,NULL,0
"Stefan Reimann-Andersen",3.8,Germany,"consumer goods",775,57,"Vienna, Austria",Germany,NULL,NULL,NULL,0
"Renate Reimann-Haas",3.8,Germany,"consumer goods",775,69,"Vienna, Austria",Germany,NULL,NULL,NULL,0
"Nusli Wadia",3.8,India,"consumer goods",775,77,"Mumbai, India",India,Married,2,NULL,0
"Maria-Elisabeth Schaeffler-Thumann",3.7,Germany,"auto parts",807,79,"Herzogenaurach, Germany",Germany,Married,NULL,NULL,0
"Todd Wanek",3.7,"United States",furniture,807,57,"St. Petersburg, Florida","United States",Married,2,NULL,0
"Majid Al Futtaim & family",3.6,"United Arab Emirates","real estate, retail",831,NULL,"Dubai, United Arab Emirates","United Arab Emirates",Married,NULL,NULL,0
"James Cargill, II.",3.6,"United States",food,831,72,"Birchwood, Wisconsin","United States",Married,2,NULL,0
"Lynsi Snyder",3.6,"United States","In-N-Out Burger",831,39,"Glendora, California","United States",Married,NULL,NULL,0
"Yuan Liping",3.6,Canada,pharmaceutical,831,50,"Shenzhen, China",Canada,Divorced,NULL,NULL,0
"Shyam & Hari Bhartia",3.5,India,diversified,859,68,"Delhi, India",India,Married,2,NULL,0
"Franco Bittar Garcia",3.5,Brazil,retailing,859,37,"Franca, Brazil",Brazil,Single,NULL,NULL,0
"Julia Thiele-Schuerhoff",3.5,Germany,brakes,859,NULL,NULL,Germany,NULL,NULL,NULL,0
"Denise York & family",3.5,"United States","San Francisco 49ers",859,70,"Youngstown, Ohio","United States",Married,4,NULL,0
"Gayle Benson",3.4,"United States","pro sports teams",891,74,"New Orleans, Louisiana","United States",Widowed,NULL,NULL,0
"Margarita Louis-Dreyfus & family",3.4,Switzerland,commodities,891,58,"Davos, Switzerland",Switzerland,Widowed,3,NULL,0
"Alejandro Bulgheroni",3.3,Argentina,"oil & gas",925,76,"Manantiales, Uruguay",Argentina,Married,7,NULL,0
"Ravi Jaipuria",3.3,India,"soft drinks, fast food",925,66,"Delhi, India",India,Married,2,NULL,0
"Kevin David Lehmann",3.3,Germany,drugstores,925,18,NULL,Germany,NULL,NULL,NULL,0
"Stephen Rubin",3.3,"United Kingdom","sports apparel",925,84,"London, United Kingdom","United Kingdom",Married,4,NULL,0
"Lottie Tham & family",3.3,Sweden,"fashion retail",925,72,"Stockholm, Sweden",Sweden,Married,3,NULL,0
"Hans Peter Wild",3.3,Switzerland,flavorings,925,79,"Zug, Switzerland",Switzerland,Divorced,2,NULL,0
"Carlo Fidani",3.2,Canada,"real estate",956,66,"Toronto, Canada",Canada,NULL,NULL,NULL,0
"Otto Happel",3.2,Germany,engineering,956,73,"Luzerne, Switzerland",Germany,Married,6,NULL,0
"Heidi Horten",3.2,Austria,retail,956,80,"Vienna, Austria",Austria,"Widowed, Remarried",NULL,NULL,0
"Maja Oeri",3.2,Switzerland,pharmaceutical,956,66,"Basel, Switzerland",Switzerland,Married,NULL,NULL,0
"James Packer",3.2,Australia,casinos,956,53,"Los Angeles, California",Australia,Divorced,3,NULL,0
"Otto Philipp Braun",3.1,Germany,"medical technology",986,43,"Melsungen, Germany",Germany,NULL,NULL,NULL,0
"Chi Yufeng",3.1,China,software,986,50,"Beijing, China",China,NULL,NULL,NULL,0
"Camilla de Godoy Bueno Grossi",3.1,Brazil,"medical labs",986,42,"London, United Kingdom",Brazil,Married,NULL,NULL,0
"Jane Goldman",3.1,"United States","real estate",986,65,"New York, New York","United States",Married,2,NULL,0
"Harald Link",3.1,Thailand,diversified,986,66,"Bangkok, Thailand",Thailand,Married,2,NULL,0
"Pedro de Godoy Bueno",3,Brazil,"health insurance",1008,31,"Sao Paulo, Brazil",Brazil,Married,NULL,NULL,0
"Allan Goldman",3,"United States","real estate",1008,78,"New York, New York","United States",Divorced,4,NULL,0
"Amy Goldman Fowler",3,"United States","real estate",1008,67,"Rhinebeck, New York","United States",Married,NULL,NULL,0
"Christian Haub",3,Germany,retail,1008,56,"Greenwich, Connecticut",Germany,Married,4,NULL,0
"Gudrun Heine",3,Germany,"medical devices",1008,66,"Ohningen, Germany",Germany,NULL,NULL,NULL,0
"Diane Kemper",3,"United States","real estate",1008,75,"New York, New York","United States",Widowed,NULL,NULL,0
"James Leprino",3,"United States",cheese,1008,83,"Indian Hills, Colorado","United States",Married,2,NULL,0
"Friede Springer",3,Germany,publishing,1008,78,"Berlin, Germany",Germany,Widowed,NULL,NULL,0
"Sybill Storz",3,Germany,"medical devices",1008,84,"Leipzig, Germany",Germany,Married,1,NULL,0
"Juan Abello",2.9,Spain,investments,1064,79,"Madrid, Spain",Spain,Married,4,NULL,0
"Joesley Batista",2.9,Brazil,"beef processing",1064,49,"Sao Paulo, Brazil",Brazil,Married,4,NULL,0
"Wesley Batista",2.9,Brazil,"beef packing",1064,48,"Sao Paulo, Brazil",Brazil,Married,3,NULL,0
"Samir Mehta",2.9,India,"pharmaceutical, power",1064,57,"Ahmedabad, India",India,Married,NULL,NULL,0
"Sudhir Mehta",2.9,India,"pharmaceutical, power",1064,67,"Ahmedabad, India",India,Married,2,NULL,0
"Benjamin Otto",2.9,Germany,retail,1064,NULL,"Hamburg, Germany",Germany,NULL,NULL,NULL,0
"Abdulla bin Ahmad Al Ghurair & family",2.8,"United Arab Emirates",diversified,1111,NULL,"Dubai, United Arab Emirates","United Arab Emirates",NULL,NULL,NULL,0
"Eva Maria Bucher-Haefner",2.8,Switzerland,"software, investments",1111,64,"Zurich, Switzerland",Switzerland,Married,2,NULL,0
"Bergit Douglas",2.8,Germany,"consumer goods",1111,74,"Frankfurt, Germany",Germany,Married,5,NULL,0
"Micky Jagtiani",2.8,India,retail,1111,69,"Dubai, United Arab Emirates",India,Married,3,NULL,0
"Alicia Koplowitz",2.8,Spain,"construction, investments",1111,67,"Madrid, Spain",Spain,Divorced,3,NULL,0
"Philip Niarchos",2.8,Greece,"art collection",1111,67,"Paris, France",Greece,Married,4,NULL,0
"Alfred Oetker",2.8,Germany,"consumer goods",1111,54,"Bielefeld, Germany",Germany,Married,NULL,NULL,0
"August Oetker",2.8,Germany,"consumer goods",1111,76,"Bielefeld, Germany",Germany,Married,NULL,NULL,0
"Carl Ferdinand Oetker",2.8,Germany,"consumer goods",1111,48,"Bielefeld, Germany",Germany,NULL,NULL,NULL,0
"Christian Oetker",2.8,Germany,"consumer goods",1111,72,"Bielefeld, Germany",Germany,NULL,NULL,NULL,0
"Julia Oetker",2.8,Germany,"consumer goods",1111,42,"Bielefeld, Germany",Germany,Married,NULL,NULL,0
"Richard Oetker",2.8,Germany,"consumer goods",1111,70,"Bielefeld, Germany",Germany,NULL,NULL,NULL,0
"Heloise Pratt",2.8,Australia,"manufacturing, investment",1111,58,"Melbourne, Australia",Australia,Separated,3,NULL,0
"Filiz Sahenk",2.8,Turkey,diversified,1111,54,"Istanbul, Turkey",Turkey,Single,NULL,NULL,0
"Karin Schick",2.8,Germany,"information technology",1111,NULL,"Gaildorf, Germany",Germany,NULL,NULL,NULL,0
"Rosely Schweizer",2.8,Germany,"consumer goods",1111,80,"Bielefeld, Germany",Germany,Married,3,NULL,0
"Miriam Baumann-Blocher",2.7,Switzerland,chemicals,1174,46,"Rheinfelden, Switzerland",Switzerland,NULL,NULL,NULL,0
"Georg Haub",2.7,Germany,retail,1174,59,"Berlin, Germany",Germany,Married,NULL,NULL,0
"Franziska Wuerbser & Gabriella Meister",2.7,Germany,appliances,1174,NULL,"Landsberg am Lech, Germany",Germany,NULL,NULL,NULL,0
"John Dorrance, III.",2.6,Ireland,food,1205,77,"Dublin, Ireland",Ireland,Married,2,NULL,0
"Caroline Hagen Kjos",2.6,Norway,conglomerate,1205,37,"Wollerau, Switzerland",Norway,Married,2,NULL,0
"Hortensia Herrero",2.6,Spain,supermarkets,1205,70,"Valencia, Spain",Spain,Married,4,NULL,0
"Raj Kumar & Kishin RK",2.6,Singapore,"real estate",1205,66,"Singapore, Singapore",Singapore,Married,1,NULL,0
"Aloke Lohia",2.6,India,petrochemicals,1205,62,"Bangkok, Thailand",India,Married,3,NULL,0
"Yuji Otsuka",2.6,Japan,"copy machines, software",1205,67,"Tokyo, Japan",Japan,NULL,NULL,NULL,0
"Wim van der Leegte",2.6,Netherlands,manufacturing,1205,73,"Eindhoven, Netherlands",Netherlands,Married,3,NULL,0
"Markus Blocher",2.5,Switzerland,chemicals,1249,50,"Wilen bei Wollerau, Switzerland",Switzerland,NULL,7,NULL,0
"Jose Luis Cutrale",2.5,Brazil,"orange juice",1249,74,"Sao Paulo, Brazil",Brazil,Married,2,NULL,0
"Carlos Sanchez",2.5,Brazil,"generic drugs",1249,59,"Santo Andre, Brazil",Brazil,Married,NULL,NULL,0
"Xie Juhua & family",2.5,China,pharmaceutical,1249,70,"Nanjing, China",China,Widowed,NULL,NULL,0
"Yvonne Bauer",2.4,Germany,media,1299,44,"Hamburg, Germany",Germany,Married,NULL,NULL,0
"Alberto Bombassei",2.4,Italy,"automotive brakes",1299,80,"Bergamo, Italy",Italy,Married,2,NULL,0
"Richard Chandler",2.4,"New Zealand",investments,1299,62,"Singapore, Singapore","New Zealand",Married,NULL,NULL,0
"Kiat Chiaravanont",2.4,Thailand,diversified,1299,NULL,"Hong Kong, Hong Kong",Thailand,NULL,NULL,NULL,0
"Smita Crishna-Godrej",2.4,India,"consumer goods",1299,70,"Mumbai, India",India,Married,2,NULL,0
"Abhay Firodia",2.4,India,automobiles,1299,76,"Pune, India",India,Married,4,NULL,0
"Sebastian Glaser",2.4,Germany,"sensor technology",1299,NULL,"Munich, Germany",Germany,NULL,NULL,NULL,0
"Karin Sartorius-Herbst",2.4,Germany,biopharmaceutical,1299,NULL,"Northeim, Germany",Germany,NULL,NULL,NULL,0
"Renate Sick-Glaser",2.4,Germany,"sensor technology",1299,NULL,NULL,Germany,NULL,NULL,NULL,0
"David Wertheim",2.4,Israel,"Coca Cola Israel",1299,63,Israel,Israel,Married,6,NULL,0
"Bill Alfond",2.3,"United States",shoes,1362,72,"Boston, Massachusetts","United States",Married,3,NULL,0
"Susan Alfond",2.3,"United States",shoes,1362,75,"Scarborough, Maine","United States",NULL,3,NULL,0
"Ted Alfond",2.3,"United States",shoes,1362,76,"Weston, Massachusetts","United States",Married,3,NULL,0
"Semahat Sevim Arsel",2.3,Turkey,diversified,1362,92,"Istanbul, Turkey",Turkey,Married,NULL,NULL,0
"Fong Yun Wah",2.3,"Hong Kong","real estate",1362,96,"Hong Kong, Hong Kong","Hong Kong",Widowed,8,NULL,0
"Joao Moreira Salles",2.3,Brazil,"banking, minerals",1362,59,"Rio de Janeiro, Brazil",Brazil,Divorced,1,NULL,0
"Gretel Packer",2.3,Australia,casinos,1362,55,"Sydney, Australia",Australia,Divorced,3,NULL,0
"Tom Persson",2.3,Sweden,"fashion retail",1362,36,"Stockholm, Sweden",Sweden,Married,NULL,NULL,0
"Krit Ratanarak",2.3,Thailand,"media, real estate",1362,75,"Bangkok, Thailand",Thailand,Divorced,1,NULL,0
"Charlotte Soderstrom",2.3,Sweden,"fashion retail",1362,44,"Stockholm, Sweden",Sweden,Married,3,NULL,0
"Jose Joao Abdalla Filho",2.2,Brazil,investments,1444,75,"Rio de Janeiro, Brazil",Brazil,NULL,NULL,NULL,0
"Abdulla Al Futtaim & family",2.2,"United Arab Emirates","auto dealers, investments",1444,NULL,"Dubai, United Arab Emirates","United Arab Emirates",Married,NULL,NULL,0
"Jai Hari & Yadu Hari Dalmia & family",2.2,India,cement,1444,NULL,"Delhi, India",India,Married,NULL,NULL,0
"Maria Franca Fissolo",2.2,Italy,"Nutella, chocolates",1444,86,"Monaco, Monaco",Italy,Widowed,2,NULL,0
"Kwek Leng Kee",2.2,Singapore,diversified,1444,66,"Singapore, Singapore",Singapore,Married,NULL,NULL,0
"Lau Cho Kun",2.2,Malaysia,"palm oil, property",1444,85,"Tawau, Sabah, Malaysia",Malaysia,Married,1,NULL,0
"Lin Chang Su-O",2.2,Taiwan,"real estate",1444,80,"Taipei, Taiwan",Taiwan,Widowed,4,NULL,0
"Arvind Poddar",2.2,India,tires,1444,63,"Mumbai, India",India,Married,2,NULL,0
"Alberto Roemmers",2.2,Argentina,pharmaceutical,1444,94,"Buenos Aires, Argentina",Argentina,Married,4,NULL,0
"Shashi & Ravi Ruia",2.2,India,diversified,1444,NULL,"Mumbai, India",India,NULL,NULL,NULL,0
"Salil Singhal",2.2,India,agrochemicals,1444,73,"Delhi, India",India,Married,3,NULL,0
"Anna Katharina Viessmann",2.2,Germany,"heating and cooling equipment",1444,NULL,NULL,Germany,NULL,NULL,NULL,0
"Flavia Bittar Garcia Faleiros",2.1,Brazil,retail,1517,40,"Sao Paulo, Brazil",Brazil,Married,3,NULL,0
"Ilkka Herlin",2.1,Finland,"elevators, escalators",1517,62,"Helsinki, Finland",Finland,Married,4,NULL,0
"Prayudh Mahagitsiri",2.1,Thailand,"coffee, shipping",1517,75,"Bangkok, Thailand",Thailand,Married,3,NULL,0
"Katarina Martinson",2.1,Sweden,investments,1517,40,"Stockholm, Sweden",Sweden,Married,NULL,NULL,0
"Dieter Schnabel",2.1,Germany,chemicals,1517,75,"Hamburg, Germany",Germany,Married,3,NULL,0
"Christiane Schoeller",2.1,Germany,publishing,1517,NULL,NULL,Germany,NULL,NULL,NULL,0
"Anne Beaufour",2,France,pharmaceutical,1580,57,"United Kingdom",France,Married,NULL,NULL,0
"Henri Beaufour",2,France,pharmaceutical,1580,55,"London, United Kingdom",France,Married,NULL,NULL,0
"Sol Daurella",2,Spain,"Coca-Cola bottler",1580,55,"Madrid, Spain",Spain,Married,NULL,NULL,0
"Ilona Herlin",2,Finland,"elevators, escalators",1580,56,"Helsinki, Finland",Finland,Married,NULL,NULL,0
"W. Herbert Hunt",2,"United States",oil,1580,92,"Dallas, Texas","United States",Married,5,NULL,0
"Peter Leibinger",2,Germany,"machine tools",1580,54,"Schwieberdingen, Germany",Germany,Married,4,NULL,0
"Regine Leibinger",2,Germany,"machine tools",1580,58,"Berlin, Germany",Germany,Married,2,NULL,0
"Nicola Leibinger-Kammueller",2,Germany,manufacturing,1580,61,"Berlin, Germany",Germany,Married,4,NULL,0
"Pierre Karl PÃ©ladeau",2,Canada,media,1580,59,"Montreal, Canada",Canada,"In Relationship",3,NULL,0
"Alberto Prada",2,Italy,"luxury goods",1580,67,"Milan, Italy",Italy,NULL,NULL,NULL,0
"Marina Prada",2,Italy,"luxury goods",1580,75,"Milan, Italy",Italy,NULL,NULL,NULL,0
"Linda Pritzker",2,"United States","hotels, investments",1580,67,"Missoula, Montana","United States",Divorced,3,NULL,0
"Joe Rogers, Jr.",2,"United States","Waffle House",1580,NULL,"Atlanta, Georgia","United States",Married,NULL,NULL,0
"Sylvia Stroeher",2,Germany,cosmetics,1580,65,"Darmstadt, Germany",Germany,Married,1,NULL,0
"Francois Feuillet",1.9,France,"motorhomes, RVs",1664,72,"Paris, France",France,Married,NULL,NULL,0
"Surjit Kumar Gupta",1.9,India,"electrical equipment",1664,79,"Delhi, India",India,Married,2,NULL,0
"Shmuel Harlap",1.9,Israel,automotive,1664,76,"Tel Aviv, Israel",Israel,NULL,NULL,NULL,0
"Arthur Irving",1.9,Canada,oil,1664,91,"Saint John, Canada",Canada,Married,5,NULL,0
"Ipek Kirac",1.9,Turkey,diversified,1664,36,"Istanbul, Turkey",Turkey,Single,NULL,NULL,0
"Edward Kwok",1.9,"Hong Kong","real estate",1664,40,"Hong Kong, Hong Kong","Hong Kong",NULL,NULL,NULL,0
"Louise Lindh",1.9,Sweden,investments,1664,41,"Stockholm, Sweden",Sweden,Married,NULL,NULL,0
"Stefan Olsson",1.9,Sweden,diversified,1664,72,"London, United Kingdom",Sweden,Married,NULL,NULL,0
"Kommer Damen",1.8,Netherlands,shipbuilding,1750,77,"Gorinchem, Netherlands",Netherlands,Married,4,NULL,0
"Faruk Eczacibasi",1.8,Turkey,"pharmaceutical, diversified",1750,66,"Istanbul, Turkey",Turkey,Married,2,NULL,0
"Juan Lopez-Belmonte Lopez & family",1.8,Spain,pharmacueticals,1750,NULL,"Madrid, Spain",Spain,NULL,NULL,NULL,0
"Joao Roberto Marinho",1.8,Brazil,media,1750,67,"Rio de Janeiro, Brazil",Brazil,Married,3,NULL,0
"Jose Roberto Marinho",1.8,Brazil,media,1750,65,"Rio de Janeiro, Brazil",Brazil,Married,5,NULL,0
"Roberto Irineu Marinho",1.8,Brazil,media,1750,73,"Rio de Janeiro, Brazil",Brazil,Married,4,NULL,0
"Oei Hong Leong",1.8,Singapore,investments,1750,73,"Singapore, Singapore",Singapore,Married,4,NULL,0
"Jorge Pinheiro Koren de Lima",1.8,Brazil,"hospitals, health insurance",1750,48,"Fortaleza, Brazil",Brazil,NULL,NULL,NULL,0
"Candido Pinheiro Koren de Lima Junior",1.8,Brazil,"hospitals, health insurance",1750,50,"Fortaleza, Brazil",Brazil,NULL,NULL,NULL,0
"Sabrina Benetton",1.7,Italy,"fashion retail, investments",1833,47,"Treviso, Italy",Italy,Married,3,NULL,0
"Alex Birkenstock",1.7,Germany,shoes,1833,52,NULL,Germany,NULL,NULL,NULL,0
"Christian Birkenstock",1.7,Germany,shoes,1833,48,"Kitzbuhel, Austria",Germany,NULL,NULL,NULL,0
"Giuliana Caprotti",1.7,Italy,supermarkets,1833,80,"Milan, Italy",Italy,Widowed,NULL,NULL,0
"Marina Caprotti",1.7,Italy,supermarkets,1833,43,"Milan, Italy",Italy,NULL,NULL,NULL,0
"Alexandra Daitch",1.7,"United States",food,1833,58,"Old Lyme, Connecticut","United States",NULL,1,NULL,0
"Giammaria Giuliani",1.7,Switzerland,pharmaceutical,1833,43,"Montagnola, Switzerland",Switzerland,Married,NULL,NULL,0
"Christoph Henkel",1.7,Germany,"consumer goods",1833,63,"London, United Kingdom",Germany,Married,NULL,NULL,0
"Sarah MacMillan",1.7,"United States",food,1833,67,"Los Angeles, California","United States",Divorced,3,NULL,0
"Narendrakumar Parekh",1.7,India,adhesives,1833,83,"Mumbai, India",India,Married,3,NULL,0
"Bianca Rinehart",1.7,Australia,mining,1833,44,"Brisbane, Australia",Australia,Married,2,NULL,0
"Ginia Rinehart",1.7,Australia,mining,1833,34,"Sydney, Australia",Australia,Married,NULL,NULL,0
"Fernando Roig",1.7,Spain,supermarkets,1833,73,"Valencia, Spain",Spain,Married,2,NULL,0
"Lucy Stitzer",1.7,"United States",food,1833,61,"Greenwich, Connecticut","United States",Married,3,NULL,0
"Robert Toennies",1.7,Germany,"meat processing",1833,42,"Rheda-WiedenbrÃ¼ck, Germany",Germany,NULL,NULL,NULL,0
"Hope Welker",1.7,Australia,mining,1833,35,"New York, New York",Australia,Divorced,2,NULL,0
"Patricia Angelini Rossi",1.6,Chile,"forestry, mining",1931,67,"Santiago, Chile",Chile,Married,3,NULL,0
"Lesley Bamberger",1.6,Netherlands,"real estate",1931,55,"Amsterdam, Netherlands",Netherlands,NULL,NULL,NULL,0
"William Boyd",1.6,"United States","casinos, banking",1931,89,"Las Vegas, Nevada","United States",Divorced,3,NULL,0
"Bernhard Braun-Luedicke",1.6,Germany,"medical technology",1931,44,"Melsungen, Germany",Germany,NULL,NULL,NULL,0
"Eva Maria Braun-Luedicke",1.6,Germany,"medical technology",1931,34,"Melsungen, Germany",Germany,NULL,NULL,NULL,0
"Friederike Braun-Luedicke",1.6,Germany,"medical technology",1931,37,"Melsungen, Germany",Germany,NULL,NULL,NULL,0
"Jean-Pierre Cayard",1.6,France,spirits,1931,78,"Paris, France",France,Married,1,NULL,0
"Mohammed Dewji",1.6,Tanzania,diversified,1931,45,"Dar es Salaam, Tanzania",Tanzania,Married,3,NULL,0
"Lisa Draexlmaier",1.6,Germany,"auto parts",1931,30,NULL,Germany,NULL,NULL,NULL,0
"Jorge Feffer",1.6,Brazil,"pulp and paper",1931,56,"SÃ£o Paulo, Brazil",Brazil,Divorced,NULL,NULL,0
"Ruben Feffer",1.6,Brazil,"pulp and paper",1931,NULL,"SÃ£o Paulo, Brazil",Brazil,Married,NULL,NULL,0
"Miguel Fluxa Rossello",1.6,Spain,hotels,1931,82,"Esporles, Spain",Spain,Married,2,NULL,0
"Heikki Herlin",1.6,Finland,"elevators, escalators",1931,34,"Helsinki, Finland",Finland,Single,NULL,NULL,0
"Asok Kumar Hiranandani",1.6,Singapore,"real estate",1931,66,"Singapore, Singapore",Singapore,Married,2,NULL,0
"Jenny LindÃ©n Urnes",1.6,Sweden,"powdered metal",1931,50,"Helsingborg, Sweden",Sweden,Married,1,NULL,0
"Catherine Lozick",1.6,"United States","valve manufacturing",1931,76,"Fort Lauderdale, Florida","United States",Widowed,NULL,NULL,0
"Massimo Moratti",1.6,Italy,"oil refinery",1931,75,"Milan, Italy",Italy,Married,5,NULL,0
"Ajay Parekh",1.6,India,adhesives,1931,63,"Mumbai, India",India,Married,2,NULL,0
"Francisco Jose Riberas Mera",1.6,Spain,"steel, autoparts",1931,56,"Madrid, Spain",Spain,Married,3,NULL,0
"Juan Maria Riberas Mera",1.6,Spain,"steel, investments",1931,52,"Madrid, Spain",Spain,Married,5,NULL,0
"Deniz Sahenk",1.6,Turkey,diversified,1931,75,"Istanbul, Turkey",Turkey,Widowed,2,NULL,0
"Tseng Cheng",1.6,Taiwan,petrochemicals,1931,59,Taiwan,Taiwan,Married,2,NULL,0
"Ian Wood & family",1.6,"United Kingdom","energy services",1931,78,"Aberdeen, United Kingdom","United Kingdom",Married,3,NULL,0
"Antti Aarnio-Wihuri",1.5,Finland,diversified,2035,81,"Helsinki, Finland",Finland,NULL,NULL,NULL,0
"Ulrike Baro",1.5,Germany,biopharmaceutical,2035,NULL,"Munich, Germany",Germany,NULL,NULL,NULL,0
"Barbara Benetton",1.5,Italy,"fashion retail, investments",2035,51,"Campodoro, Italy",Italy,NULL,NULL,NULL,0
"Paolo Bulgari",1.5,Italy,"luxury goods",2035,83,"Rome, Italy",Italy,NULL,NULL,NULL,0
"Manas Chiaravanond",1.5,Thailand,diversified,2035,NULL,"Bangkok, Thailand",Thailand,NULL,NULL,NULL,0
"Prathip Chiravanond",1.5,Thailand,diversified,2035,NULL,"Bangkok, Thailand",Thailand,NULL,NULL,NULL,0
"Tim Draper",1.5,"United States",cryptocurrency,2035,62,"Atherton, California","United States",Married,3,NULL,0
"Esther Grether",1.5,Switzerland,"art collection",2035,85,"Basel, Switzerland",Switzerland,Widowed,2,NULL,0
"Arvind Lal",1.5,India,"medical diagnostics",2035,71,"Delhi, India",India,Married,2,NULL,0
"Ezra Nahmad",1.5,Monaco,art,2035,75,"Monte Carlo, Monaco",Monaco,Married,4,NULL,0
"Niti Osathanugrah",1.5,Thailand,"energy drinks,investments",2035,47,"Bangkok, Thailand",Thailand,Married,NULL,NULL,0
"Sushilkumar Parekh",1.5,India,adhesives,2035,88,"Mumbai, India",India,Married,3,NULL,0
"Fernando Trajano",1.5,Brazil,retail,2035,NULL,"Franca, Brazil",Brazil,Married,NULL,NULL,0
"Wang Zelong",1.5,China,chemicals,2035,24,"Jiaozuo, China",China,Married,NULL,NULL,0
"Zeng Chaolin",1.5,China,Aluminium,2035,38,"Yongzhou, China",China,NULL,NULL,NULL,0
"Alexandra Andresen",1.4,Norway,investments,2141,24,"Oslo, Norway",Norway,Single,NULL,NULL,0
"Katharina Andresen",1.4,Norway,investments,2141,25,"Oslo, Norway",Norway,Single,NULL,NULL,0
"Angela Bennett",1.4,Australia,mining,2141,77,"Perth, Australia",Australia,Married,7,NULL,0
"Maurizio Billi",1.4,Brazil,"generic drugs",2141,63,"Sao Paulo, Brazil",Brazil,Married,NULL,NULL,0
"Anna Maria Braun",1.4,Germany,"medical technology",2141,42,"Melsungen, Germany",Germany,Married,2,NULL,0
"Johanna Braun",1.4,Germany,"medical technology",2141,41,"Melsungen, Germany",Germany,NULL,NULL,NULL,0
"Karl Friedrich Braun",1.4,Germany,"medical technology",2141,38,"Melsungen, Germany",Germany,NULL,NULL,NULL,0
"Binod Chaudhary",1.4,Nepal,diversified,2141,66,"Kathmandu, Nepal",Nepal,Married,3,NULL,0
"Ana Lucia de Mattos Barretto Villela",1.4,Brazil,banking,2141,47,"Sao Paulo, Brazil",Brazil,Married,NULL,NULL,0
"Christian Herz",1.4,Germany,coffee,2141,NULL,NULL,Germany,NULL,NULL,NULL,0
"Michaela Herz",1.4,Germany,coffee,2141,NULL,NULL,Germany,NULL,NULL,NULL,0
"Daniel Hirschfeld",1.4,"United States","fashion retail",2141,79,"Kearney, Nebraska","United States",Married,3,NULL,0
"Johan Johannson",1.4,Norway,"grocery stores",2141,54,"Oslo, Norway",Norway,Married,3,NULL,0
"Christine Knauf",1.4,Germany,"building materials",2141,NULL,NULL,Germany,NULL,NULL,NULL,0
"Karl Knauf",1.4,Germany,"building materials",2141,NULL,NULL,Germany,NULL,NULL,NULL,0
"Nirmal Minda",1.4,India,"auto parts",2141,63,"Gurgaon, India",India,Married,2,NULL,0
"Robert Mouawad",1.4,Lebanon,"fine jewelry",2141,76,"Manama, Bahrain",Lebanon,Married,3,NULL,0
"Judith Neilson",1.4,Australia,investments,2141,75,"Sydney, Australia",Australia,Divorced,2,NULL,0
"Andreas Pohl",1.4,Germany,"mutual funds",2141,56,"Marburg, Germany",Germany,Married,3,NULL,0
"Reinfried Pohl, Jr.",1.4,Germany,"mutual funds",2141,61,"Marburg, Germany",Germany,Married,5,NULL,0
"Jonathan Tisch",1.4,"United States","insurance, NFL team",2141,67,"New York, New York","United States",Married,2,NULL,0
"Gisele Trajano",1.4,Brazil,retail,2141,NULL,NULL,Brazil,Single,NULL,NULL,0
"Sunny Varkey",1.4,India,education,2141,64,"Dubai, United Arab Emirates",India,Married,2,NULL,0
"Drorit Wertheim",1.4,Israel,"Coca Cola Israel",2141,65,"Bnei Atarot, Israel",Israel,Divorced,2,NULL,0
"Clayton Zekelman",1.4,Canada,steel,2141,52,"Windsor, Canada",Canada,NULL,NULL,NULL,0
"Zhuo Jun",1.4,"Hong Kong","printed circuit boards",2141,55,"Hong Kong, Hong Kong","Hong Kong",Widowed,NULL,NULL,0
"Inigo Zobel",1.4,Philippines,Diversified,2141,64,"Makati, Philippines",Philippines,NULL,NULL,NULL,0
"Hamad bin Jassim bin Jaber Al Thani",1.3,Qatar,investments,2263,61,"Doha, Qatar",Qatar,Married,NULL,NULL,0
"Ludwig Theodor Braun",1.3,Germany,"medical technology",2263,31,"Melsungen, Germany",Germany,NULL,NULL,NULL,0
"Ana Maria Brescia Cafferata",1.3,Peru,"mining, banking",2263,97,"Lima, Peru",Peru,Single,NULL,NULL,0
"Vivien Chen",1.3,"Hong Kong","real estate",2263,62,"Hong Kong, Hong Kong","Hong Kong",NULL,3,NULL,0
"AndrÃ© Kasprzak",1.3,Denmark,shoes,2263,34,Denmark,Denmark,NULL,NULL,NULL,0
"Anna Kasprzak",1.3,Denmark,shoes,2263,31,"Haderslev, Denmark",Denmark,"In Relationship",1,NULL,0
"Brandt Louie",1.3,Canada,drugstores,2263,77,"Vancouver, Canada",Canada,Married,2,NULL,0
"Ulrike Meister",1.3,Germany,appliances,2263,54,"Landsberg, Germany",Germany,NULL,NULL,NULL,0
"Yoshiko Mori",1.3,Japan,"real estate",2263,80,"Tokyo, Japan",Japan,Widowed,2,NULL,0
"George Thomas Muthoot",1.3,India,"financial services",2263,70,"Kottayam, India",India,Married,2,NULL,0
"Ranjan Pai",1.3,India,education,2263,48,"Bangalore, India",India,Married,2,NULL,0
"Lily Safra",1.3,Monaco,banking,2263,83,"Geneva, Switzerland",Monaco,Widowed,2,NULL,0
"Penny Sanford",1.3,"United States","real estate brokerage",2263,55,"Bellingham, Washington","United States",NULL,NULL,NULL,0
"Dirk Stroeer",1.3,Germany,advertising,2263,52,"Cologne, Germany",Germany,NULL,NULL,NULL,0
"Satoshi Suzuki",1.3,Japan,cosmetics,2263,67,"Tokyo, Japan",Japan,Married,NULL,NULL,0
"Chey Ki-won",1.2,"South Korea","computer services, telecom",2378,56,"Seoul, South Korea","South Korea",Divorced,NULL,NULL,0
"Diego Della Valle",1.2,Italy,shoes,2378,67,"Sant'' Elpidio A Mare, Italy",Italy,Married,2,NULL,0
"Mathias Doepfner",1.2,Germany,Media,2378,58,NULL,Germany,NULL,NULL,NULL,0
"Benedicte Find",1.2,Denmark,"medical devices",2378,NULL,"Copenhagen, Denmark",Denmark,NULL,NULL,NULL,0
"Jonas Kamprad",1.2,Sweden,"home furnishings",2378,55,"London, United Kingdom",Sweden,Married,2,NULL,0
"Mathias Kamprad",1.2,Sweden,"home furnishings",2378,51,"London, United Kingdom",Sweden,Divorced,2,NULL,0
"Peter Kamprad",1.2,Sweden,"home furnishings",2378,57,"Tervuren, Belgium",Sweden,Married,2,NULL,0
"Kazutoshi Kobayashi",1.2,Japan,cosmetics,2378,58,"Tokyo, Japan",Japan,NULL,NULL,NULL,0
"Masanori Kobayashi",1.2,Japan,cosmetics,2378,48,"Tokyo, Japan",Japan,NULL,NULL,NULL,0
"Takao Kobayashi",1.2,Japan,cosmetics,2378,56,"Tokyo, Japan",Japan,NULL,NULL,NULL,0
"Kwek Leng Peck",1.2,Singapore,diversified,2378,65,"Singapore, Singapore",Singapore,Married,NULL,NULL,0
"Liora Ofer",1.2,Israel,investments,2378,67,"Tel Aviv, Israel",Israel,Separated,2,NULL,0
"Murdaya Poo",1.2,Indonesia,diversified,2378,80,"Jakarta, Indonesia",Indonesia,Married,4,NULL,0
"Duke Reyes",1.2,"United States","beer distribution",2378,64,"Palm Beach, Florida","United States",Married,NULL,NULL,0
"Kavita Singhania",1.2,India,cement,2378,59,"Chennai, India",India,Widowed,NULL,NULL,0
"Laurie Tisch",1.2,"United States","insurance, NFL team",2378,70,"New York, New York","United States",Divorced,2,NULL,0
"Steven Tisch",1.2,"United States",insurance,2378,72,"Beverly Hills, California","United States",NULL,5,NULL,0
"Danna Azrieli",1.1,Israel,"Real estate",2524,53,"Herzliya, Israel",Israel,NULL,NULL,NULL,0
"Naomi Azrieli",1.1,Canada,"Real estate",2524,55,"Toronto, Canada",Canada,NULL,NULL,NULL,0
"Sharon Azrieli",1.1,Canada,"Real estate",2524,60,"Montreal, Canada",Canada,NULL,NULL,NULL,0
"Thomas Bruch",1.1,Germany,retail,2524,71,"St. Wendel, Germany",Germany,Married,3,NULL,0
"Antonio Gallardo Ballart",1.1,Spain,pharmaceutical,2524,85,"Barcelona, Spain",Spain,Married,3,NULL,0
"Jorge Gallardo Ballart",1.1,Spain,pharmaceutical,2524,79,"Barcelona, Spain",Spain,Married,3,NULL,0
"Rahul Gautam",1.1,India,mattresses,2524,68,"Delhi, India",India,Married,1,NULL,0
"Simona Giorgetta",1.1,Italy,"chemical products",2524,44,"Milan, Italy",Italy,NULL,NULL,NULL,0
"Polys Haji-Ioannou",1.1,Cyprus,EasyJet,2524,61,"Monaco, Monaco",Cyprus,Married,2,NULL,0
"Fahed Hariri",1.1,Lebanon,"construction, investments",2524,40,"London, United Kingdom",Lebanon,Married,3,NULL,0
"Hiroshi Ishibashi",1.1,Japan,tires,2524,74,"Tokyo, Japan",Japan,Married,3,NULL,0
"Alexander Knauf",1.1,Germany,"building materials",2524,46,NULL,Germany,NULL,NULL,NULL,0
"Martin Knauf",1.1,Germany,"building materials",2524,NULL,"Berlin, Germany",Germany,NULL,NULL,NULL,0
"Robert Knauf",1.1,Germany,"building materials",2524,NULL,"Meerbusch, Germany",Germany,NULL,NULL,NULL,0
"Norma Lerner",1.1,"United States",banking,2524,85,"Cleveland, Ohio","United States",Widowed,2,NULL,0
"Lu Weiding",1.1,China,diversified,2524,50,"Hangzhou, China",China,NULL,NULL,NULL,0
"Cargill MacMillan, III.",1.1,"United States",food,2524,61,"Boulder, Colorado","United States",NULL,2,NULL,0
"John MacMillan",1.1,"United States",food,2524,71,"Plymouth, Minnesota","United States",NULL,4,NULL,0
"Martha MacMillan",1.1,"United States",food,2524,69,"Orono, Minnesota","United States",Divorced,5,NULL,0
"William MacMillan",1.1,"United States",food,2524,66,"Englewood, Colorado","United States",NULL,NULL,NULL,0
"John McConnell & family",1.1,"United States",steel,2524,67,"Delaware, Ohio","United States",Married,3,NULL,0
"Madeleine Olsson Ericksson",1.1,Sweden,diversified,2524,76,"Gothenburg, Sweden",Sweden,Married,NULL,NULL,0
"Vera Rechulski Santo Domingo",1.1,Brazil,beer,2524,72,Bermuda,Brazil,Widowed,2,NULL,0
"Tan Yu Wei",1.1,Malaysia,retail,2524,48,"Selangor, Malaysia",Malaysia,NULL,NULL,NULL,0
"Tseng Sing-ai",1.1,Taiwan,petrochemicals,2524,NULL,Taiwan,Taiwan,NULL,NULL,NULL,0
"Wang Han",1.1,China,airline,2524,33,"Shanghai, China",China,NULL,NULL,NULL,0
"Anne Werninghaus",1.1,Brazil,"industrial machinery",2524,35,"Joinville, Brazil",Brazil,Married,2,NULL,0
"Wong Hei & family",1.1,China,conglomerate,2524,59,"Xiamen, China",China,NULL,NULL,NULL,0
"Ina Chan",1,"Hong Kong",casinos,2674,67,"Hong Kong, Hong Kong","Hong Kong",Widowed,3,NULL,0
"Carmen Daurella Aguilera",1,Spain,"Coca-Cola bottler",2674,NULL,"Barcelona, Spain",Spain,Separated,NULL,NULL,0
"Horst-Otto Gerberding",1,Germany,"flavors and fragrances",2674,68,"Holzminden, Germany",Germany,Married,3,NULL,0
"Clelia Haji-Ioannou",1,Cyprus,EasyJet,2674,50,"Monte Carlo, Monaco",Cyprus,Divorced,2,NULL,0
"Kenneth Lo",1,"United Kingdom",textiles,2674,82,"Hong Kong, Hong Kong","United Kingdom",Married,4,NULL,0
"Rafique Malik",1,India,footwear,2674,70,"Mumbai, India",India,Married,5,NULL,0
"David Penaloza Alanis",1,Mexico,"toll roads",2674,47,"Mexico City, Mexico",Mexico,NULL,NULL,NULL,0
"Marco Squinzi",1,Italy,"chemical products",2674,49,"Milan, Italy",Italy,NULL,NULL,NULL,0
